{"cameraMode":{"drawMode":0,"name":"Shaded","section":"Shading Mode"},"sceneLighting":true,"audioPlay":false,"sceneViewState":{"m_AlwaysRefresh":false,"showFog":true,"showSkybox":true,"showFlares":true,"showImageEffects":true,"showParticleSystems":true,"showVisualEffectGraphs":true,"m_FxEnabled":true},"in2DMode":false,"pivot":{"x":-0.28310585021972659,"y":0.5573902130126953,"z":0.030294418334960939},"rotation":{"x":-0.08406267315149307,"y":0.8912017345428467,"z":-0.18465761840343476,"w":-0.40570637583732607},"size":8.289834976196289,"orthographic":false}